[
  {
    "id": 1,
    "title": "All Items",
    "category_id": "all"
  },
  {
    "id": 2,
    "title": "Breakfast",
    "category_id": "breakfast"
  },
  {
    "id": 3,
    "title": "Lunch",
    "category_id": "lunch"
  },
  {
    "id": 4,
    "title": "Dinner",
    "category_id": "dinner"
  },
  {
    "id": 5,
    "title": "Coffee",
    "category_id": "coffee"
  },
  {
    "id": 6,
    "title": "Snacks",
    "category_id": "snacks"
  },
  {
    "id": 7,
    "title": "Cold Drinks",
    "category_id": "drinks"
  }
]
